<?xml version="1.0" encoding="utf-8"?>
<!--/1581737/1599314/2.50/4/4/Switch/-->
<quadcept_library>
  <setting unit="mil" />
  <textstyle name="Default" height="47.244094488189" strokewidth="7.8740157480315" charwidth="47.244094488189" />
  <textstyle name="Dimension" height="19.6850393700787" strokewidth="0" charwidth="19.6850393700787" />
  <textstyle name="H127W0635TH00762" height="50" strokewidth="3" charwidth="25" />
  <textstyle name="H15W15TH02" height="59.0551181102362" strokewidth="7.8740157480315" charwidth="59.0551181102362" />
  <padstyle name="c157.5_h105" surface="False" plated="True" isvia="False" nopaste="True" nomask="True" complex="False" holesize="41.338582677165">
    <padshape layer="TOP" shape="round" width="62.007874015747" height="62.007874015747" />
    <padshape layer="TOP_SOLDER_MASK" shape="round" width="69.881889763779" height="69.881889763779" />
    <padshape layer="INNER" shape="round" width="62.007874015747" height="62.007874015747" />
    <padshape layer="BOTTOM" shape="round" width="62.007874015747" height="62.007874015747" />
    <padshape layer="BOTTOM_SOLDER_MASK" shape="round" width="69.881889763779" height="69.881889763779" />
  </padstyle>
  <footprint name="95C06A2T" originx="0" originy="0" pickpointx="0" pickpointy="0">
    <pcbpin number="1" name="T1" style="c157.5_h105" originx="0" originy="0" rotation="90" />
    <pcbpin number="2" name="T2" style="c157.5_h105" originx="255.90551181102" originy="0" rotation="90" />
    <pcbpin number="3" name="T3" style="c157.5_h105" originx="0" originy="-177.16535433071" rotation="90" />
    <pcbpin number="4" name="T4" style="c157.5_h105" originx="255.90551181102" originy="-177.16535433071" rotation="90" />
    <line layer="TOP_ASSEMBLY" originx="0" originy="33.464566929133" endx="255.90551181102" endy="33.464566929133" width="7.8740157480314" />
    <line layer="TOP_ASSEMBLY" originx="255.90551181102" originy="33.464566929133" endx="255.90551181102" endy="-210.62992125984" width="7.8740157480314" />
    <line layer="TOP_ASSEMBLY" originx="255.90551181102" originy="-210.62992125984" endx="0" endy="-210.62992125984" width="7.8740157480314" />
    <line layer="TOP_ASSEMBLY" originx="0" originy="-210.62992125984" endx="0" endy="33.464566929133" width="7.8740157480314" />
    <line layer="TOP_PLACE_BOUND" originx="-92.519685039369" originy="72.83464566929" endx="326.25984251968" endy="72.83464566929" width="3.9370078740157" />
    <line layer="TOP_PLACE_BOUND" originx="326.25984251968" originy="72.83464566929" endx="326.25984251968" endy="-250" width="3.9370078740157" />
    <line layer="TOP_PLACE_BOUND" originx="326.25984251968" originy="-250" endx="-92.519685039369" endy="-250" width="3.9370078740157" />
    <line layer="TOP_PLACE_BOUND" originx="-92.519685039369" originy="-250" endx="-92.519685039369" endy="72.83464566929" width="3.9370078740157" />
    <line layer="TOP_SILKSCREEN" originx="29.527559055118" originy="33.464566929133" endx="226.3779527559" endy="33.464566929133" width="3.9370078740157" />
    <line layer="TOP_SILKSCREEN" originx="0" originy="-49.212598425196" endx="0" endy="-127.95275590551" width="3.9370078740157" />
    <line layer="TOP_SILKSCREEN" originx="29.527559055118" originy="-210.62992125984" endx="226.3779527559" endy="-210.62992125984" width="3.9370078740157" />
    <line layer="TOP_SILKSCREEN" originx="255.90551181102" originy="-49.212598425196" endx="255.90551181102" endy="-127.95275590551" width="3.9370078740157" />
    <line layer="TOP_SILKSCREEN" originx="-49.212598425196" originy="9.8425196850392" endx="-49.212598425196" endy="9.8425196850392" width="7.8740157480314" />
    <arc layer="TOP_SILKSCREEN" originx="-51.181102362204" originy="9.8425196850392" startangle=".0" sweepangle="180.0" radius="1.9685039370078" width="7.8740157480314" />
    <line layer="TOP_SILKSCREEN" originx="-53.149606299212" originy="9.8425196850392" endx="-53.149606299212" endy="9.8425196850392" width="7.8740157480314" />
    <arc layer="TOP_SILKSCREEN" originx="-51.181102362204" originy="9.8425196850392" startangle="180.0" sweepangle="180.0" radius="1.9685039370078" width="7.8740157480314" />
  </footprint>
  <symbol name="95C06A2T" originx="0" originy="0">
    <line originx="200" originy="100" endx="1000" endy="100" width="0" />
    <line originx="1000" originy="-200" endx="1000" endy="100" width="0" />
    <line originx="1000" originy="-200" endx="200" endy="-200" width="0" />
    <line originx="200" originy="100" endx="200" endy="-200" width="0" />
    <sympin number="1" originx="200" originy="0" rotation="180" length="100" width="7.8740157480315" flipped="False">
      <text name="pinname" originx="230" originy="0" style="Default" rotation="0" justify="left" flipped="False" hidden="False" data="COM_1" />
      <text name="pindes" originx="140" originy="20" style="Default" rotation="0" justify="lowerright" flipped="False" hidden="False" data="T1" />
    </sympin>
    <sympin number="2" originx="1000" originy="0" rotation="0" length="100" width="7.8740157480315" flipped="False">
      <text name="pinname" originx="970" originy="0" style="Default" rotation="0" justify="right" flipped="False" hidden="False" data="COM_2" />
      <text name="pindes" originx="1060" originy="20" style="Default" rotation="0" justify="lowerleft" flipped="False" hidden="False" data="T2" />
    </sympin>
    <sympin number="3" originx="200" originy="-100" rotation="180" length="100" width="7.8740157480315" flipped="False">
      <text name="pinname" originx="230" originy="-100" style="Default" rotation="0" justify="left" flipped="False" hidden="False" data="NO_1" />
      <text name="pindes" originx="140" originy="-80" style="Default" rotation="0" justify="lowerright" flipped="False" hidden="False" data="T3" />
    </sympin>
    <sympin number="4" originx="1000" originy="-100" rotation="0" length="100" width="7.8740157480315" flipped="False">
      <text name="pinname" originx="970" originy="-100" style="Default" rotation="0" justify="right" flipped="False" hidden="False" data="NO_2" />
      <text name="pindes" originx="1060" originy="-80" style="Default" rotation="0" justify="lowerleft" flipped="False" hidden="False" data="T4" />
    </sympin>
  </symbol>
  <component name="95C06A2T" designatorprefix="S" height="168.89763779527" footprint="95C06A2T">
    <comppin designator="T1" sympin="1" pinswap="0" gateswap="0" gate="1" group="1" side="" type="Any" name="COM_1" />
    <comppin designator="T2" sympin="2" pinswap="0" gateswap="0" gate="1" group="1" side="" type="Any" name="COM_2" />
    <comppin designator="T3" sympin="3" pinswap="0" gateswap="0" gate="1" group="1" side="" type="Any" name="NO_1" />
    <comppin designator="T4" sympin="4" pinswap="0" gateswap="0" gate="1" group="1" side="" type="Any" name="NO_2" />
    <attached_symbol gate="1" name="95C06A2T" />
    <pinmap designator="T1" footprintpin="1" />
    <pinmap designator="T2" footprintpin="2" />
    <pinmap designator="T3" footprintpin="3" />
    <pinmap designator="T4" footprintpin="4" />
    <text name="Datasheet" originx="0" originy="0" style="Default" rotation="0" justify="" flipped="False" hidden="True" data="https://componentsearchengine.com/Datasheets/1/95C06A2T.pdf" />
    <text name="Description" originx="0" originy="0" style="Default" rotation="0" justify="" flipped="False" hidden="True" data="GRAYHILL - 95C06A2T - TACTILE SWITCH, SPST, 0.05A, 12V, TH" />
    <text name="Mouser Part Number" originx="0" originy="0" style="Default" rotation="0" justify="" flipped="False" hidden="True" data="706-95C06A2T" />
    <text name="Mouser Price/Stock" originx="0" originy="0" style="Default" rotation="0" justify="" flipped="False" hidden="True" data="https://www.mouser.co.uk/ProductDetail/Grayhill/95C06A2T?qs=ls7QRyWmRk5FxCZi6XkIdQ%3D%3D" />
    <text name="Manufacturer_Name" originx="0" originy="0" style="Default" rotation="0" justify="" flipped="False" hidden="True" data="Grayhill" />
    <text name="Manufacturer_Part_Number" originx="1050" originy="200" style="Default" rotation="0" justify="left" flipped="False" hidden="False" data="95C06A2T" />
  </component>
</quadcept_library>
