<?xml version="1.0" encoding="utf-8"?>
<!--/1372791/1599314/2.50/13/4/Connector/-->
<quadcept_library>
  <setting unit="mil" />
  <textstyle name="Default" height="47.244094488189" strokewidth="7.8740157480315" charwidth="47.244094488189" />
  <textstyle name="Dimension" height="19.6850393700787" strokewidth="0" charwidth="19.6850393700787" />
  <textstyle name="H127W0635TH00762" height="50" strokewidth="3" charwidth="25" />
  <textstyle name="H15W15TH02" height="59.0551181102362" strokewidth="7.8740157480315" charwidth="59.0551181102362" />
  <padstyle name="r140_62" surface="True" plated="False" isvia="False" nopaste="False" nomask="True" complex="False" holesize="0">
    <padshape layer="TOP" shape="rectangle" width="24.409448818897" height="55.11811023622" />
    <padshape layer="TOP_SOLDER_MASK" shape="rectangle" width="32.283464566929" height="62.992125984251" />
    <padshape layer="TOP_SOLDER_PASTE" shape="rectangle" width="24.409448818897" height="55.11811023622" />
  </padstyle>
  <padstyle name="r240_110" surface="True" plated="False" isvia="False" nopaste="False" nomask="True" complex="False" holesize="0">
    <padshape layer="TOP" shape="rectangle" width="43.307086614173" height="94.488188976377" />
    <padshape layer="TOP_SOLDER_MASK" shape="rectangle" width="51.181102362204" height="102.36220472441" />
    <padshape layer="TOP_SOLDER_PASTE" shape="rectangle" width="43.307086614173" height="94.488188976377" />
  </padstyle>
  <padstyle name="c47.5_h95" surface="False" plated="True" isvia="False" nopaste="True" nomask="True" complex="False" holesize="37.401574803149">
    <padshape layer="TOP" shape="round" width="18.700787401575" height="18.700787401575" />
    <padshape layer="TOP_SOLDER_MASK" shape="round" width="26.574803149606" height="26.574803149606" />
    <padshape layer="INNER" shape="round" width="18.700787401575" height="18.700787401575" />
    <padshape layer="BOTTOM" shape="round" width="18.700787401575" height="18.700787401575" />
    <padshape layer="BOTTOM_SOLDER_MASK" shape="round" width="26.574803149606" height="26.574803149606" />
  </padstyle>
  <footprint name="MEM20750014001A" originx="0" originy="0" pickpointx="0" pickpointy="0">
    <pcbpin number="1" name="1" style="r140_62" originx="82.87401574803" originy="290.35433070866" rotation="0" />
    <pcbpin number="2" name="2" style="r140_62" originx="39.566929133858" originy="290.35433070866" rotation="0" />
    <pcbpin number="3" name="3" style="r140_62" originx="-3.7401574803149" originy="290.35433070866" rotation="0" />
    <pcbpin number="4" name="4" style="r140_62" originx="-47.047244094488" originy="290.35433070866" rotation="0" />
    <pcbpin number="5" name="5" style="r140_62" originx="-90.35433070866" originy="290.35433070866" rotation="0" />
    <pcbpin number="6" name="6" style="r140_62" originx="-133.66141732283" originy="290.35433070866" rotation="0" />
    <pcbpin number="7" name="7" style="r140_62" originx="-176.96850393701" originy="290.35433070866" rotation="0" />
    <pcbpin number="8" name="8" style="r140_62" originx="-220.27559055118" originy="290.35433070866" rotation="0" />
    <pcbpin number="9" name="9" style="r140_62" originx="-263.58267716535" originy="290.35433070866" rotation="0" />
    <pcbpin number="10" name="10" style="r240_110" originx="-317.91338582677" originy="211.61417322834" rotation="0" />
    <pcbpin number="11" name="11" style="r240_110" originx="-317.91338582677" originy="-142.71653543307" rotation="0" />
    <pcbpin number="12" name="12" style="r240_110" originx="317.91338582677" originy="-142.71653543307" rotation="0" />
    <pcbpin number="13" name="13" style="r240_110" originx="317.91338582677" originy="211.61417322834" rotation="0" />
    <pcbpin number="14" name="14" style="c47.5_h95" originx="-152.55905511811" originy="-159.25196850394" rotation="90" />
    <pcbpin number="15" name="15" style="c47.5_h95" originx="115.15748031496" originy="-159.25196850394" rotation="90" />
    <line layer="TOP_ASSEMBLY" originx="-296.25984251968" originy="262.79527559055" endx="296.25984251968" endy="262.79527559055" width="7.8740157480314" />
    <line layer="TOP_ASSEMBLY" originx="296.25984251968" originy="262.79527559055" endx="296.25984251968" endy="-317.91338582677" width="7.8740157480314" />
    <line layer="TOP_ASSEMBLY" originx="296.25984251968" originy="-317.91338582677" endx="-296.25984251968" endy="-317.91338582677" width="7.8740157480314" />
    <line layer="TOP_ASSEMBLY" originx="-296.25984251968" originy="-317.91338582677" endx="-296.25984251968" endy="262.79527559055" width="7.8740157480314" />
    <line layer="TOP_PLACE_BOUND" originx="-378.93700787401" originy="357.28346456692" endx="378.93700787401" endy="357.28346456692" width="3.9370078740157" />
    <line layer="TOP_PLACE_BOUND" originx="378.93700787401" originy="357.28346456692" endx="378.93700787401" endy="-357.28346456692" width="3.9370078740157" />
    <line layer="TOP_PLACE_BOUND" originx="378.93700787401" originy="-357.28346456692" endx="-378.93700787401" endy="-357.28346456692" width="3.9370078740157" />
    <line layer="TOP_PLACE_BOUND" originx="-378.93700787401" originy="-357.28346456692" endx="-378.93700787401" endy="357.28346456692" width="3.9370078740157" />
    <line layer="TOP_SILKSCREEN" originx="-296.25984251968" originy="-209.64566929134" endx="-296.25984251968" endy="-317.91338582677" width="3.9370078740157" />
    <line layer="TOP_SILKSCREEN" originx="-296.25984251968" originy="-317.91338582677" endx="296.25984251968" endy="-317.91338582677" width="3.9370078740157" />
    <line layer="TOP_SILKSCREEN" originx="296.25984251968" originy="-317.91338582677" endx="296.25984251968" endy="-209.64566929134" width="3.9370078740157" />
    <line layer="TOP_SILKSCREEN" originx="-296.25984251968" originy="144.68503937008" endx="-296.25984251968" endy="-68.897637795275" width="3.9370078740157" />
    <line layer="TOP_SILKSCREEN" originx="296.25984251968" originy="144.68503937008" endx="296.25984251968" endy="-68.897637795275" width="3.9370078740157" />
    <line layer="TOP_SILKSCREEN" originx="110.23622047244" originy="262.79527559055" endx="275.5905511811" endy="262.79527559055" width="3.9370078740157" />
    <line layer="TOP_SILKSCREEN" originx="78.740157480314" originy="336.61417322834" endx="78.740157480314" endy="336.61417322834" width="7.8740157480314" />
    <arc layer="TOP_SILKSCREEN" originx="82.67716535433" originy="336.61417322834" startangle="180.0" sweepangle="180.0" radius="3.9370078740157" width="7.8740157480314" />
    <line layer="TOP_SILKSCREEN" originx="86.614173228345" originy="336.61417322834" endx="86.614173228345" endy="336.61417322834" width="7.8740157480314" />
    <arc layer="TOP_SILKSCREEN" originx="82.67716535433" originy="336.61417322834" startangle=".0" sweepangle="180.0" radius="3.9370078740157" width="7.8740157480314" />
  </footprint>
  <symbol name="MEM2075-00-140-01-A" originx="0" originy="0">
    <line originx="200" originy="100" endx="1100" endy="100" width="0" />
    <line originx="1100" originy="-700" endx="1100" endy="100" width="0" />
    <line originx="1100" originy="-700" endx="200" endy="-700" width="0" />
    <line originx="200" originy="100" endx="200" endy="-700" width="0" />
    <sympin number="1" originx="200" originy="0" rotation="180" length="100" width="7.8740157480315" flipped="False">
      <text name="pinname" originx="230" originy="0" style="Default" rotation="0" justify="left" flipped="False" hidden="False" data="DAT2" />
      <text name="pindes" originx="140" originy="20" style="Default" rotation="0" justify="lowerright" flipped="False" hidden="False" data="1" />
    </sympin>
    <sympin number="2" originx="200" originy="-100" rotation="180" length="100" width="7.8740157480315" flipped="False">
      <text name="pinname" originx="230" originy="-100" style="Default" rotation="0" justify="left" flipped="False" hidden="False" data="CD/DAT3" />
      <text name="pindes" originx="140" originy="-80" style="Default" rotation="0" justify="lowerright" flipped="False" hidden="False" data="2" />
    </sympin>
    <sympin number="3" originx="200" originy="-200" rotation="180" length="100" width="7.8740157480315" flipped="False">
      <text name="pinname" originx="230" originy="-200" style="Default" rotation="0" justify="left" flipped="False" hidden="False" data="CMD" />
      <text name="pindes" originx="140" originy="-180" style="Default" rotation="0" justify="lowerright" flipped="False" hidden="False" data="3" />
    </sympin>
    <sympin number="4" originx="200" originy="-300" rotation="180" length="100" width="7.8740157480315" flipped="False">
      <text name="pinname" originx="230" originy="-300" style="Default" rotation="0" justify="left" flipped="False" hidden="False" data="VDD" />
      <text name="pindes" originx="140" originy="-280" style="Default" rotation="0" justify="lowerright" flipped="False" hidden="False" data="4" />
    </sympin>
    <sympin number="5" originx="200" originy="-400" rotation="180" length="100" width="7.8740157480315" flipped="False">
      <text name="pinname" originx="230" originy="-400" style="Default" rotation="0" justify="left" flipped="False" hidden="False" data="CLK" />
      <text name="pindes" originx="140" originy="-380" style="Default" rotation="0" justify="lowerright" flipped="False" hidden="False" data="5" />
    </sympin>
    <sympin number="6" originx="200" originy="-500" rotation="180" length="100" width="7.8740157480315" flipped="False">
      <text name="pinname" originx="230" originy="-500" style="Default" rotation="0" justify="left" flipped="False" hidden="False" data="VSS" />
      <text name="pindes" originx="140" originy="-480" style="Default" rotation="0" justify="lowerright" flipped="False" hidden="False" data="6" />
    </sympin>
    <sympin number="7" originx="200" originy="-600" rotation="180" length="100" width="7.8740157480315" flipped="False">
      <text name="pinname" originx="230" originy="-600" style="Default" rotation="0" justify="left" flipped="False" hidden="False" data="DAT0" />
      <text name="pindes" originx="140" originy="-580" style="Default" rotation="0" justify="lowerright" flipped="False" hidden="False" data="7" />
    </sympin>
    <sympin number="8" originx="1100" originy="0" rotation="0" length="100" width="7.8740157480315" flipped="False">
      <text name="pinname" originx="1070" originy="0" style="Default" rotation="0" justify="right" flipped="False" hidden="False" data="DAT1" />
      <text name="pindes" originx="1160" originy="20" style="Default" rotation="0" justify="lowerleft" flipped="False" hidden="False" data="8" />
    </sympin>
    <sympin number="9" originx="1100" originy="-100" rotation="0" length="100" width="7.8740157480315" flipped="False">
      <text name="pinname" originx="1070" originy="-100" style="Default" rotation="0" justify="right" flipped="False" hidden="False" data="CD" />
      <text name="pindes" originx="1160" originy="-80" style="Default" rotation="0" justify="lowerleft" flipped="False" hidden="False" data="9" />
    </sympin>
    <sympin number="10" originx="1100" originy="-200" rotation="0" length="100" width="7.8740157480315" flipped="False">
      <text name="pinname" originx="1070" originy="-200" style="Default" rotation="0" justify="right" flipped="False" hidden="False" data="MP1" />
      <text name="pindes" originx="1160" originy="-180" style="Default" rotation="0" justify="lowerleft" flipped="False" hidden="False" data="10" />
    </sympin>
    <sympin number="11" originx="1100" originy="-300" rotation="0" length="100" width="7.8740157480315" flipped="False">
      <text name="pinname" originx="1070" originy="-300" style="Default" rotation="0" justify="right" flipped="False" hidden="False" data="MP2" />
      <text name="pindes" originx="1160" originy="-280" style="Default" rotation="0" justify="lowerleft" flipped="False" hidden="False" data="11" />
    </sympin>
    <sympin number="12" originx="1100" originy="-400" rotation="0" length="100" width="7.8740157480315" flipped="False">
      <text name="pinname" originx="1070" originy="-400" style="Default" rotation="0" justify="right" flipped="False" hidden="False" data="MP3" />
      <text name="pindes" originx="1160" originy="-380" style="Default" rotation="0" justify="lowerleft" flipped="False" hidden="False" data="12" />
    </sympin>
    <sympin number="13" originx="1100" originy="-500" rotation="0" length="100" width="7.8740157480315" flipped="False">
      <text name="pinname" originx="1070" originy="-500" style="Default" rotation="0" justify="right" flipped="False" hidden="False" data="MP4" />
      <text name="pindes" originx="1160" originy="-480" style="Default" rotation="0" justify="lowerleft" flipped="False" hidden="False" data="13" />
    </sympin>
  </symbol>
  <component name="MEM2075-00-140-01-A" designatorprefix="J" height="57.086614173228" footprint="MEM20750014001A">
    <comppin designator="1" sympin="1" pinswap="0" gateswap="0" gate="1" group="1" side="" type="Any" name="DAT2" />
    <comppin designator="2" sympin="2" pinswap="0" gateswap="0" gate="1" group="1" side="" type="Any" name="CD/DAT3" />
    <comppin designator="3" sympin="3" pinswap="0" gateswap="0" gate="1" group="1" side="" type="Any" name="CMD" />
    <comppin designator="4" sympin="4" pinswap="0" gateswap="0" gate="1" group="1" side="" type="Any" name="VDD" />
    <comppin designator="5" sympin="5" pinswap="0" gateswap="0" gate="1" group="1" side="" type="Any" name="CLK" />
    <comppin designator="6" sympin="6" pinswap="0" gateswap="0" gate="1" group="1" side="" type="Any" name="VSS" />
    <comppin designator="7" sympin="7" pinswap="0" gateswap="0" gate="1" group="1" side="" type="Any" name="DAT0" />
    <comppin designator="8" sympin="8" pinswap="0" gateswap="0" gate="1" group="1" side="" type="Any" name="DAT1" />
    <comppin designator="9" sympin="9" pinswap="0" gateswap="0" gate="1" group="1" side="" type="Any" name="CD" />
    <comppin designator="10" sympin="10" pinswap="0" gateswap="0" gate="1" group="1" side="" type="Any" name="MP1" />
    <comppin designator="11" sympin="11" pinswap="0" gateswap="0" gate="1" group="1" side="" type="Any" name="MP2" />
    <comppin designator="12" sympin="12" pinswap="0" gateswap="0" gate="1" group="1" side="" type="Any" name="MP3" />
    <comppin designator="13" sympin="13" pinswap="0" gateswap="0" gate="1" group="1" side="" type="Any" name="MP4" />
    <attached_symbol gate="1" name="MEM2075-00-140-01-A" />
    <pinmap designator="1" footprintpin="1" />
    <pinmap designator="2" footprintpin="2" />
    <pinmap designator="3" footprintpin="3" />
    <pinmap designator="4" footprintpin="4" />
    <pinmap designator="5" footprintpin="5" />
    <pinmap designator="6" footprintpin="6" />
    <pinmap designator="7" footprintpin="7" />
    <pinmap designator="8" footprintpin="8" />
    <pinmap designator="9" footprintpin="9" />
    <pinmap designator="10" footprintpin="10" />
    <pinmap designator="11" footprintpin="11" />
    <pinmap designator="12" footprintpin="12" />
    <pinmap designator="13" footprintpin="13" />
    <text name="Datasheet" originx="0" originy="0" style="Default" rotation="0" justify="" flipped="False" hidden="True" data="" />
    <text name="Description" originx="0" originy="0" style="Default" rotation="0" justify="" flipped="False" hidden="True" data="GCT (GLOBAL CONNECTOR TECHNOLOGY) - MEM2075-00-140-01-A - MICRO SD CARD CONN, PUSH-PUSH, 9POS, SMT" />
    <text name="Mouser Part Number" originx="0" originy="0" style="Default" rotation="0" justify="" flipped="False" hidden="True" data="640-MEM20750014001A" />
    <text name="Mouser Price/Stock" originx="0" originy="0" style="Default" rotation="0" justify="" flipped="False" hidden="True" data="https://www.mouser.co.uk/ProductDetail/GCT/MEM2075-00-140-01-A?qs=KUoIvG%2F9IlZvfWpeERlq3Q%3D%3D" />
    <text name="Manufacturer_Name" originx="0" originy="0" style="Default" rotation="0" justify="" flipped="False" hidden="True" data="GCT (GLOBAL CONNECTOR TECHNOLOGY)" />
    <text name="Manufacturer_Part_Number" originx="1150" originy="200" style="Default" rotation="0" justify="left" flipped="False" hidden="False" data="MEM2075-00-140-01-A" />
  </component>
</quadcept_library>
