<?xml version="1.0" encoding="utf-8"?>
<!--/1296677/1599314/2.50/4/4/LED/-->
<quadcept_library>
  <setting unit="mil" />
  <textstyle name="Default" height="47.244094488189" strokewidth="7.8740157480315" charwidth="47.244094488189" />
  <textstyle name="Dimension" height="19.6850393700787" strokewidth="0" charwidth="19.6850393700787" />
  <textstyle name="H127W0635TH00762" height="50" strokewidth="3" charwidth="25" />
  <textstyle name="H15W15TH02" height="59.0551181102362" strokewidth="7.8740157480315" charwidth="59.0551181102362" />
  <padstyle name="c135_h91" surface="False" plated="True" isvia="False" nopaste="True" nomask="True" complex="False" holesize="35.826771653543">
    <padshape layer="TOP" shape="round" width="53.149606299212" height="53.149606299212" />
    <padshape layer="TOP_SOLDER_MASK" shape="round" width="61.023622047243" height="61.023622047243" />
    <padshape layer="INNER" shape="round" width="53.149606299212" height="53.149606299212" />
    <padshape layer="BOTTOM" shape="round" width="53.149606299212" height="53.149606299212" />
    <padshape layer="BOTTOM_SOLDER_MASK" shape="round" width="61.023622047243" height="61.023622047243" />
  </padstyle>
  <footprint name="HV5RGB25" originx="0" originy="0" pickpointx="0" pickpointy="0">
    <pcbpin number="1" name="1" style="c135_h91" originx="0" originy="0" rotation="90" />
    <pcbpin number="2" name="2" style="c135_h91" originx="49.999999999999" originy="-31.496062992126" rotation="90" />
    <pcbpin number="3" name="3" style="c135_h91" originx="99.999999999999" originy="0" rotation="90" />
    <pcbpin number="4" name="4" style="c135_h91" originx="150" originy="-31.496062992126" rotation="90" />
    <line layer="TOP_PLACE_BOUND" originx="-106.29921259842" originy="154.52755905512" endx="229.52755905512" endy="154.52755905512" width="3.9370078740157" />
    <line layer="TOP_PLACE_BOUND" originx="229.52755905512" originy="154.52755905512" endx="229.52755905512" endy="-154.52755905512" width="3.9370078740157" />
    <line layer="TOP_PLACE_BOUND" originx="229.52755905512" originy="-154.52755905512" endx="-106.29921259842" endy="-154.52755905512" width="3.9370078740157" />
    <line layer="TOP_PLACE_BOUND" originx="-106.29921259842" originy="-154.52755905512" endx="-106.29921259842" endy="154.52755905512" width="3.9370078740157" />
    <line layer="TOP_ASSEMBLY" originx="-40.15748031496" originy="0" endx="-40.15748031496" endy="0" width="7.8740157480314" />
    <arc layer="TOP_ASSEMBLY" originx="74.999999999999" originy="0" startangle="180.0" sweepangle="-180.0" radius="115.15748031496" width="7.8740157480314" />
    <line layer="TOP_ASSEMBLY" originx="190.15748031496" originy="0" endx="190.15748031496" endy="0" width="7.8740157480314" />
    <arc layer="TOP_ASSEMBLY" originx="74.999999999999" originy="0" startangle=".0" sweepangle="-180.0" radius="115.15748031496" width="7.8740157480314" />
    <line layer="TOP_SILKSCREEN" originx="-40.15748031496" originy="0" endx="-40.15748031496" endy="0" width="3.9370078740157" />
    <arc layer="TOP_SILKSCREEN" originx="74.999999999999" originy="0" startangle="180.0" sweepangle="-180.0" radius="115.15748031496" width="3.9370078740157" />
    <line layer="TOP_SILKSCREEN" originx="190.15748031496" originy="0" endx="190.15748031496" endy="0" width="3.9370078740157" />
    <arc layer="TOP_SILKSCREEN" originx="74.999999999999" originy="0" startangle=".0" sweepangle="-180.0" radius="115.15748031496" width="3.9370078740157" />
    <line layer="TOP_SILKSCREEN" originx="-62.992125984251" originy="3.9370078740157" endx="-62.992125984251" endy="3.9370078740157" width="7.8740157480314" />
    <arc layer="TOP_SILKSCREEN" originx="-62.992125984251" originy="0" startangle="90.0" sweepangle="-180.0" radius="3.9370078740157" width="7.8740157480314" />
    <line layer="TOP_SILKSCREEN" originx="-62.992125984251" originy="-3.9370078740157" endx="-62.992125984251" endy="-3.9370078740157" width="7.8740157480314" />
    <arc layer="TOP_SILKSCREEN" originx="-62.992125984251" originy="0" startangle="-90.0" sweepangle="-180.0" radius="3.9370078740157" width="7.8740157480314" />
  </footprint>
  <symbol name="HV-5RGB25" originx="0" originy="0">
    <line originx="200" originy="100" endx="1800" endy="100" width="0" />
    <line originx="1800" originy="-200" endx="1800" endy="100" width="0" />
    <line originx="1800" originy="-200" endx="200" endy="-200" width="0" />
    <line originx="200" originy="100" endx="200" endy="-200" width="0" />
    <sympin number="1" originx="1800" originy="0" rotation="0" length="100" width="7.8740157480315" flipped="False">
      <text name="pinname" originx="1770" originy="0" style="Default" rotation="0" justify="right" flipped="False" hidden="False" data="ANODE_BLUE" />
      <text name="pindes" originx="1860" originy="20" style="Default" rotation="0" justify="lowerleft" flipped="False" hidden="False" data="1" />
    </sympin>
    <sympin number="2" originx="200" originy="0" rotation="180" length="100" width="7.8740157480315" flipped="False">
      <text name="pinname" originx="230" originy="0" style="Default" rotation="0" justify="left" flipped="False" hidden="False" data="ANODE_RED" />
      <text name="pindes" originx="140" originy="20" style="Default" rotation="0" justify="lowerright" flipped="False" hidden="False" data="2" />
    </sympin>
    <sympin number="3" originx="1800" originy="-100" rotation="0" length="100" width="7.8740157480315" flipped="False">
      <text name="pinname" originx="1770" originy="-100" style="Default" rotation="0" justify="right" flipped="False" hidden="False" data="COMMON_CATHODE" />
      <text name="pindes" originx="1860" originy="-80" style="Default" rotation="0" justify="lowerleft" flipped="False" hidden="False" data="3" />
    </sympin>
    <sympin number="4" originx="200" originy="-100" rotation="180" length="100" width="7.8740157480315" flipped="False">
      <text name="pinname" originx="230" originy="-100" style="Default" rotation="0" justify="left" flipped="False" hidden="False" data="ANODE_GREEN" />
      <text name="pindes" originx="140" originy="-80" style="Default" rotation="0" justify="lowerright" flipped="False" hidden="False" data="4" />
    </sympin>
  </symbol>
  <component name="HV-5RGB25" designatorprefix="LED" height="350.3937007874" footprint="HV5RGB25">
    <comppin designator="1" sympin="1" pinswap="0" gateswap="0" gate="1" group="1" side="" type="Any" name="ANODE_BLUE" />
    <comppin designator="2" sympin="2" pinswap="0" gateswap="0" gate="1" group="1" side="" type="Any" name="ANODE_RED" />
    <comppin designator="3" sympin="3" pinswap="0" gateswap="0" gate="1" group="1" side="" type="Any" name="COMMON_CATHODE" />
    <comppin designator="4" sympin="4" pinswap="0" gateswap="0" gate="1" group="1" side="" type="Any" name="ANODE_GREEN" />
    <attached_symbol gate="1" name="HV-5RGB25" />
    <pinmap designator="1" footprintpin="1" />
    <pinmap designator="2" footprintpin="2" />
    <pinmap designator="3" footprintpin="3" />
    <pinmap designator="4" footprintpin="4" />
    <text name="Datasheet" originx="0" originy="0" style="Default" rotation="0" justify="" flipped="False" hidden="True" data="http://www.inolux-corp.com/datasheet/Inolux Lamp/TH Lamp/HV-5RGBXX 5mm Full-Color Series.pdf" />
    <text name="Description" originx="0" originy="0" style="Default" rotation="0" justify="" flipped="False" hidden="True" data="Standard LEDs - Through Hole RGB LED" />
    <text name="Mouser Part Number" originx="0" originy="0" style="Default" rotation="0" justify="" flipped="False" hidden="True" data="743-HV-5RGB25" />
    <text name="Mouser Price/Stock" originx="0" originy="0" style="Default" rotation="0" justify="" flipped="False" hidden="True" data="https://www.mouser.co.uk/ProductDetail/Inolux/HV-5RGB25?qs=qSfuJ%252Bfl%2Fd4T3SbXFpBJvw%3D%3D" />
    <text name="Manufacturer_Name" originx="0" originy="0" style="Default" rotation="0" justify="" flipped="False" hidden="True" data="Inolux" />
    <text name="Manufacturer_Part_Number" originx="1850" originy="200" style="Default" rotation="0" justify="left" flipped="False" hidden="False" data="HV-5RGB25" />
  </component>
</quadcept_library>
