Altium Designer Pick and Place Locations
D:\_Studies\2025\Skripsie\Altium\BraaiBuddyPCB\.\Manufacturing Files\Pick Place\Pick Place for PCB.csv

========================================================================================================================
File Design Information:

Date:       12/03/25
Time:       16:36
Revision:   9ab131d278b6c9dbb63bc53c3c83fef5865a237a
Variant:    No variations
Units used: mm

"Designator","Comment","Layer","Footprint","Center-X(mm)","Center-Y(mm)","Rotation","Description"
"C14","100nF","TopLayer","CAPC2012X94N","32.2000","74.8000","90","Capacitor"
"C13","10uF","TopLayer","CAPC2012X94N","32.2000","77.9900","90","Capacitor"
"R21","100k","TopLayer","RESC2012X50N","32.0000","60.8000","270","Resistor"
"R30","10k","TopLayer","RESC2012X60N","17.6000","64.0000","0","Resistor"
"R29","10k","TopLayer","RESC2012X60N","17.6000","66.4000","0","Resistor"
"R28","10k","TopLayer","RESC2012X60N","29.7000","64.0000","180","Resistor"
"R27","10k","TopLayer","RESC2012X60N","25.1000","62.3000","0","Resistor"
"R26","10k","TopLayer","RESC2012X60N","21.3000","62.3000","180","Resistor"
"BZ1","Buzzer","TopLayer","3XDCR_PS1240P02CT3","34.9000","44.1000","90","Buzzers Transducer, Externally Driven Piezo 3V 4kHz 60dB @ 3V, 10cm Through Hole PC Pins"
"R20","1k","TopLayer","RESC2012X60N","37.9500","29.5000","90","Resistor"
"R17","1k","TopLayer","RESC2012X60N","39.0000","36.8000","0","Resistor"
"Q2","3904","TopLayer","SOT95P230X110-3N","38.9000","33.5000","90","NPN SMALL SIGNAL SURFACE MOUNT TRANSISTOR"
"TP14.5","","TopLayer","TP_Pad_TH_1.2P_0.6H","24.7000","53.5000","90","TP 1.5mm PAD"
"TP14.4","","TopLayer","TP_Pad_TH_1.2P_0.6H","24.7000","42.0000","90","TP 1.5mm PAD"
"TP14.3","","TopLayer","TP_Pad_TH_1.2P_0.6H","24.7000","30.5000","90","TP 1.5mm PAD"
"TP14.2","","TopLayer","TP_Pad_TH_1.2P_0.6H","24.7000","19.0000","90","TP 1.5mm PAD"
"TP14.1","","TopLayer","TP_Pad_TH_1.2P_0.6H","24.7000","9.0000","90","TP 1.5mm PAD"
"TP13.5","","TopLayer","TP_Pad_TH_1.2P_0.6H","24.7000","51.5000","90","TP 1.5mm PAD"
"TP13.4","","TopLayer","TP_Pad_TH_1.2P_0.6H","24.7000","40.0000","90","TP 1.5mm PAD"
"TP13.3","","TopLayer","TP_Pad_TH_1.2P_0.6H","24.7000","28.5000","90","TP 1.5mm PAD"
"TP13.2","","TopLayer","TP_Pad_TH_1.2P_0.6H","24.7000","17.0001","90","TP 1.5mm PAD"
"TP13.1","","TopLayer","TP_Pad_TH_1.2P_0.6H","24.7000","7.0000","90","TP 1.5mm PAD"
"TP12.5","","TopLayer","TP_Pad_TH_1.2P_0.6H","24.7000","49.5000","0","TP 1.5mm PAD"
"TP12.4","","TopLayer","TP_Pad_TH_1.2P_0.6H","24.7000","38.0000","0","TP 1.5mm PAD"
"TP12.3","","TopLayer","TP_Pad_TH_1.2P_0.6H","24.7000","26.5000","0","TP 1.5mm PAD"
"TP12.2","","TopLayer","TP_Pad_TH_1.2P_0.6H","24.7000","15.0000","0","TP 1.5mm PAD"
"TP12.1","","TopLayer","TP_Pad_TH_1.2P_0.6H","24.7000","5.0000","0","TP 1.5mm PAD"
"TP11.5","","TopLayer","TP_Pad_TH_1.2P_0.6H","24.7000","47.5000","90","TP 1.5mm PAD"
"TP11.4","","TopLayer","TP_Pad_TH_1.2P_0.6H","24.7000","36.0000","90","TP 1.5mm PAD"
"TP11.3","","TopLayer","TP_Pad_TH_1.2P_0.6H","24.7000","24.5000","90","TP 1.5mm PAD"
"TP11.2","","TopLayer","TP_Pad_TH_1.2P_0.6H","24.7000","13.0000","90","TP 1.5mm PAD"
"TP11.1","","TopLayer","TP_Pad_TH_1.2P_0.6H","24.7000","3.0000","90","TP 1.5mm PAD"
"TP9","","TopLayer","TP_Pad_TH_1.2P_0.6H","32.8000","67.8000","90","TP 1.5mm PAD"
"TP8","","TopLayer","TP_Pad_TH_1.2P_0.6H","48.8000","67.3000","90","TP 1.5mm PAD"
"TP6","","TopLayer","TP_Pad_TH_1.2P_0.6H","48.8000","73.4000","90","TP 1.5mm PAD"
"TP5","","TopLayer","TP_Pad_TH_1.2P_0.6H","48.8000","75.4000","90","TP 1.5mm PAD"
"U2.5","MCP9600","TopLayer","QFN65P500X500X100-21N","19.6000","50.5000","0","MCP9600 Series Thermocouple Electromotive Force to ±1.5°C Converter - VQFN-2"
"U2.4","MCP9600","TopLayer","QFN65P500X500X100-21N","19.6000","39.0000","0","MCP9600 Series Thermocouple Electromotive Force to ±1.5°C Converter - VQFN-2"
"U2.3","MCP9600","TopLayer","QFN65P500X500X100-21N","19.6000","27.5000","0","MCP9600 Series Thermocouple Electromotive Force to ±1.5°C Converter - VQFN-2"
"U2.2","MCP9600","TopLayer","QFN65P500X500X100-21N","19.6000","16.0000","0","MCP9600 Series Thermocouple Electromotive Force to ±1.5°C Converter - VQFN-2"
"U2.1","MCP9600","TopLayer","QFN65P500X500X100-21N","19.6000","6.0000","0","MCP9600 Series Thermocouple Electromotive Force to ±1.5°C Converter - VQFN-2"
"R34.5","100","TopLayer","RESC2012X60N","14.5000","47.8000","180","Resistor"
"R34.4","100","TopLayer","RESC2012X60N","14.5000","36.3000","180","Resistor"
"R34.3","100","TopLayer","RESC2012X60N","14.5000","24.8000","180","Resistor"
"R34.2","100","TopLayer","RESC2012X60N","14.5000","13.3000","180","Resistor"
"R34.1","100","TopLayer","RESC2012X60N","14.5000","3.3000","180","Resistor"
"R33.5","100","TopLayer","RESC2012X60N","14.5000","53.2000","180","Resistor"
"R33.4","100","TopLayer","RESC2012X60N","14.5000","41.7000","180","Resistor"
"R33.3","100","TopLayer","RESC2012X60N","14.5000","30.2000","180","Resistor"
"R33.2","100","TopLayer","RESC2012X60N","14.5000","18.7000","180","Resistor"
"R33.1","100","TopLayer","RESC2012X60N","14.5000","8.7000","180","Resistor"
"R22","100k","TopLayer","RESC2012X50N","13.5000","64.0000","180","Resistor"
"R19","4.7K","TopLayer","RESC2012X50N","31.0000","23.8000","90","Resistor"
"R18","200k","TopLayer","RESC2012X60N","41.1000","3.6000","90","Resistor"
"R16","200k","TopLayer","RESC2012X60N","41.1000","7.5000","90","Resistor"
"R15","1k","TopLayer","RESC2012X60N","42.2000","38.5000","90","Resistor"
"R14","1k","TopLayer","RESC2012X60N","47.4000","38.5000","90","Resistor"
"R13","1k","TopLayer","RESC2012X60N","44.8000","38.5000","90","Resistor"
"R11","100k","TopLayer","RESC2012X50N","19.9000","44.0000","180","Resistor"
"R10","23.2k","TopLayer","RESC2012X60N","23.6000","44.0000","0","Resistor"
"R9","100k","TopLayer","RESC2012X50N","19.9000","32.5000","180","Resistor"
"R8","76.8k","TopLayer","RESC2012X60N","23.6000","32.5000","0","Resistor"
"R7","100k","TopLayer","RESC2012X50N","19.9000","21.0000","180","Resistor"
"R6","220k","TopLayer","RESC2012X60N","23.6000","21.0000","0","Resistor"
"LED2","LED YELLOW 0805 SMD","TopLayer","LYM676Q2S126Z","31.0000","28.3000","90","Single Colour LED Yellow 20mA"
"C12.5","100nF","TopLayer","CAPC2012X94N","20.4000","46.1000","0","Capacitor"
"C12.4","100nF","TopLayer","CAPC2012X94N","20.4000","34.6000","0","Capacitor"
"C12.3","100nF","TopLayer","CAPC2012X94N","20.4000","23.1000","0","Capacitor"
"C12.2","100nF","TopLayer","CAPC2012X94N","20.4000","11.6000","0","Capacitor"
"C12.1","100nF","TopLayer","CAPC2012X94N","20.4000","1.6000","0","Capacitor"
"C11.5","100nF","TopLayer","CAPC2012X94N","13.8000","50.5000","90","Capacitor"
"C11.4","100nF","TopLayer","CAPC2012X94N","13.8000","39.0000","90","Capacitor"
"C11.3","100nF","TopLayer","CAPC2012X94N","13.8000","27.5000","90","Capacitor"
"C11.2","100nF","TopLayer","CAPC2012X94N","13.8000","16.0000","90","Capacitor"
"C11.1","100nF","TopLayer","CAPC2012X94N","13.8000","6.0000","90","Capacitor"
"C9","2.2uF","TopLayer","CAPC2012X135N","21.0000","65.9000","270","Capacitor"
"C8","100nF","TopLayer","CAPC2012X94N","23.1756","65.9000","90","Capacitor"
"CONN5","XE-1139-001","TopLayer","AM-K_PCB_XE-1139-001","6.4000","77.8500","270","Thermocouple Type-K Connector"
"CONN4","XE-1139-001","TopLayer","AM-K_PCB_XE-1139-001","6.4000","59.9750","270","Thermocouple Type-K Connector"
"CONN3","XE-1139-001","TopLayer","AM-K_PCB_XE-1139-001","6.4000","42.1001","270","Thermocouple Type-K Connector"
"CONN2","XE-1139-001","TopLayer","AM-K_PCB_XE-1139-001","6.4000","24.2250","270","Thermocouple Type-K Connector"
"CONN1","XE-1139-001","TopLayer","AM-K_PCB_XE-1139-001","6.4000","6.3500","270","Thermocouple Type-K Connector"
"AC1","LIS3DHTR","TopLayer","LIS3DHTR","31.1000","35.8000","270","Accelerometer"
"C5","10uF","TopLayer","CAPC2012X94N","34.9000","36.6000","180","Capacitor"
"S1","SWITCH SPDT 3A 120V","TopLayer","SW_500ASSP1M6QE","43.6600","59.8000","90",""
"C10","10uF","TopLayer","CAPC2012X94N","25.4000","65.9000","270","Capacitor"
"S3","BUTT PUSH N/O SPST THP 50mA","TopLayer","SW_TS02-66-43-BK-100-LCR-D","25.9000","57.8000","0","6 x 6 mm, 4.3 mm Actuator Height, 100 gf, Black, Long Crimped, Through Hole, SPST, Tactile Switch"
"S2","BUTT PUSH N/O SPST THP 50mA","TopLayer","SW_TS02-66-43-BK-100-LCR-D","16.1000","57.8000","180","6 x 6 mm, 4.3 mm Actuator Height, 100 gf, Black, Long Crimped, Through Hole, SPST, Tactile Switch"
"LED3","LED RGB THP SRAIGHT-LEG","TopLayer","LED_THP_Dialight_521-8559F","43.6000","33.8350","0","RGB LED Dialight 521-8559F"
"J3","MEM2075-00-140-01-A","TopLayer","GCT_MEM2075-00-140-01-A","21.9806","74.7520","180","9 (8 + 1) Position Card Connector microSD Surface Mount, Right Angle Gold"
"R32","5.1k","TopLayer","RESC2012X60N","42.9000","41.7000","180","Resistor"
"R31","5.1k","TopLayer","RESC2012X60N","46.7000","41.7000","180","Resistor"
"R25","100k","TopLayer","RESC2012X50N","29.6756","66.4000","0","Resistor"
"J2","CONN USB-C 2.0 16 CONTACT 5A 42V SMD","TopLayer","CUI_UJ20-C-H-G-SMT-TR","44.7550","48.2000","90","USB Connectors Type C,2.0, Horizontal, Gold plated 3u, Mid Surface Mount 1.0mm, 16 pin, T&R"
"R3","100k","TopLayer","RESC2012X50N","30.8000","51.4000","0","Resistor"
"R2","4.7K","TopLayer","RESC2012X50N","37.7000","14.1000","180","Resistor"
"R1","2.2K","TopLayer","RESC2012X70N","34.2000","18.0000","0","Resistor"
"Q1","MOSFET P-CH ENH FET -20V 52mOh -5A SMD","TopLayer","SOT96P240X115-3N","34.9000","53.0400","180","MOSFET (P-Channel)"
"LED1","LED YELLOW 0805 SMD","TopLayer","LYM676Q2S126Z","38.7000","17.1000","0","Single Colour LED Yellow 20mA"
"IC1","MCP73831","TopLayer","SOT95P270X145-5N","33.2000","14.9000","0","Integrated Circuit"
"D1","DIODE SCHOTTKY 1A 23V 620mV SMD","TopLayer","SOD2512X113N","40.3000","52.5000","270","Diode"
"U1","ESP32-C6-MINI-1","TopLayer","ESP32C6MINI1H8","41.0000","72.8000","0",""
"J1","I/O JST-PH 2-PIN SMT","TopLayer","1769","32.9500","4.3750","0","Connector"
"C1","10uF","TopLayer","CAPC2012X94N","35.2400","11.9000","180","Capacitor"
"C4","2.2uF","TopLayer","CAPC2012X135N","38.0000","53.2000","270","Capacitor"
"C2","10uF","TopLayer","CAPC2012X94N","31.1601","11.9000","0","Capacitor"
"C3","2.2uF","TopLayer","CAPC2012X135N","38.6000","61.5500","270","Capacitor"
"R5","357k","TopLayer","ERJ6ENF1000V","35.9000","62.4000","90","Resistor"
"R4","200k","TopLayer","RESC2012X60N","34.5000","57.6000","270","Resistor"
"C7","100nF","TopLayer","CAPC2012X94N","32.2000","70.4000","90","Capacitor"
"C6","100nF","TopLayer","CAPC2012X94N","34.9000","34.5000","180","Capacitor"
"R24","2.2K","TopLayer","RESC2012X70N","14.1000","21.4000","0","Resistor"
"R23","2.2K","TopLayer","RESC2012X70N","14.3000","33.2000","180","Resistor"
"R12","10k","TopLayer","RESC2012X60N","27.8000","33.1000","270","Resistor"
"IC2","TPS785-Q1","TopLayer","SON65P300X300X100-9N-D","37.7000","57.2000","270","LDO Voltage Regulators Automotive 1-A high -accuracy adjustable"
