<?xml version="1.0" encoding="utf-8"?>
<!--/1154885/1599314/2.50/3/4/Integrated Circuit/-->
<quadcept_library>
  <setting unit="mil" />
  <textstyle name="Default" height="47.244094488189" strokewidth="7.8740157480315" charwidth="47.244094488189" />
  <textstyle name="Dimension" height="19.6850393700787" strokewidth="0" charwidth="19.6850393700787" />
  <textstyle name="H127W0635TH00762" height="50" strokewidth="3" charwidth="25" />
  <textstyle name="H15W15TH02" height="59.0551181102362" strokewidth="7.8740157480315" charwidth="59.0551181102362" />
  <padstyle name="r100_70" surface="True" plated="False" isvia="False" nopaste="False" nomask="True" complex="False" holesize="0">
    <padshape layer="TOP" shape="rectangle" width="27.55905511811" height="39.370078740157" />
    <padshape layer="TOP_SOLDER_MASK" shape="rectangle" width="35.433070866141" height="47.244094488188" />
    <padshape layer="TOP_SOLDER_PASTE" shape="rectangle" width="27.55905511811" height="39.370078740157" />
  </padstyle>
  <footprint name="SOT95P240X120-3N" originx="0" originy="0" pickpointx="0" pickpointy="0">
    <pcbpin number="1" name="1" style="r100_70" originx="-47.244094488188" originy="37.401574803149" rotation="90" />
    <pcbpin number="2" name="2" style="r100_70" originx="-47.244094488188" originy="-37.401574803149" rotation="90" />
    <pcbpin number="3" name="3" style="r100_70" originx="47.244094488188" originy="0" rotation="90" />
    <line layer="TOP_PLACE_BOUND" originx="-76.771653543306" originy="71.259842519684" endx="76.771653543306" endy="71.259842519684" width="1.9685039370079" />
    <line layer="TOP_PLACE_BOUND" originx="76.771653543306" originy="71.259842519684" endx="76.771653543306" endy="-71.259842519684" width="1.9685039370079" />
    <line layer="TOP_PLACE_BOUND" originx="76.771653543306" originy="-71.259842519684" endx="-76.771653543306" endy="-71.259842519684" width="1.9685039370079" />
    <line layer="TOP_PLACE_BOUND" originx="-76.771653543306" originy="-71.259842519684" endx="-76.771653543306" endy="71.259842519684" width="1.9685039370079" />
    <line layer="TOP_ASSEMBLY" originx="-26.062992125984" originy="57.480314960629" endx="26.062992125984" endy="57.480314960629" width="3.9370078740157" />
    <line layer="TOP_ASSEMBLY" originx="26.062992125984" originy="57.480314960629" endx="26.062992125984" endy="-57.480314960629" width="3.9370078740157" />
    <line layer="TOP_ASSEMBLY" originx="26.062992125984" originy="-57.480314960629" endx="-26.062992125984" endy="-57.480314960629" width="3.9370078740157" />
    <line layer="TOP_ASSEMBLY" originx="-26.062992125984" originy="-57.480314960629" endx="-26.062992125984" endy="57.480314960629" width="3.9370078740157" />
    <line layer="TOP_ASSEMBLY" originx="-26.062992125984" originy="20.07874015748" endx="11.338582677165" endy="57.480314960629" width="3.9370078740157" />
    <line layer="TOP_SILKSCREEN" originx="-13.779527559055" originy="57.480314960629" endx="13.779527559055" endy="57.480314960629" width="7.8740157480314" />
    <line layer="TOP_SILKSCREEN" originx="13.779527559055" originy="57.480314960629" endx="13.779527559055" endy="-57.480314960629" width="7.8740157480314" />
    <line layer="TOP_SILKSCREEN" originx="13.779527559055" originy="-57.480314960629" endx="-13.779527559055" endy="-57.480314960629" width="7.8740157480314" />
    <line layer="TOP_SILKSCREEN" originx="-13.779527559055" originy="-57.480314960629" endx="-13.779527559055" endy="57.480314960629" width="7.8740157480314" />
    <line layer="TOP_SILKSCREEN" originx="-66.929133858267" originy="61.023622047243" endx="-27.55905511811" endy="61.023622047243" width="7.8740157480314" />
  </footprint>
  <symbol name="MMBT3904" originx="0" originy="0">
    <line originx="200" originy="100" endx="600" endy="100" width="0" />
    <line originx="600" originy="-200" endx="600" endy="100" width="0" />
    <line originx="600" originy="-200" endx="200" endy="-200" width="0" />
    <line originx="200" originy="100" endx="200" endy="-200" width="0" />
    <sympin number="1" originx="200" originy="0" rotation="180" length="100" width="7.8740157480315" flipped="False">
      <text name="pinname" originx="230" originy="0" style="Default" rotation="0" justify="left" flipped="False" hidden="False" data="B" />
      <text name="pindes" originx="140" originy="20" style="Default" rotation="0" justify="lowerright" flipped="False" hidden="False" data="1" />
    </sympin>
    <sympin number="2" originx="200" originy="-100" rotation="180" length="100" width="7.8740157480315" flipped="False">
      <text name="pinname" originx="230" originy="-100" style="Default" rotation="0" justify="left" flipped="False" hidden="False" data="E" />
      <text name="pindes" originx="140" originy="-80" style="Default" rotation="0" justify="lowerright" flipped="False" hidden="False" data="2" />
    </sympin>
    <sympin number="3" originx="600" originy="0" rotation="0" length="100" width="7.8740157480315" flipped="False">
      <text name="pinname" originx="570" originy="0" style="Default" rotation="0" justify="right" flipped="False" hidden="False" data="C" />
      <text name="pindes" originx="660" originy="20" style="Default" rotation="0" justify="lowerleft" flipped="False" hidden="False" data="3" />
    </sympin>
  </symbol>
  <component name="MMBT3904" designatorprefix="IC" height="47.244094488188" footprint="SOT95P240X120-3N">
    <comppin designator="1" sympin="1" pinswap="0" gateswap="0" gate="1" group="1" side="" type="Any" name="B" />
    <comppin designator="2" sympin="2" pinswap="0" gateswap="0" gate="1" group="1" side="" type="Any" name="E" />
    <comppin designator="3" sympin="3" pinswap="0" gateswap="0" gate="1" group="1" side="" type="Any" name="C" />
    <attached_symbol gate="1" name="MMBT3904" />
    <pinmap designator="1" footprintpin="1" />
    <pinmap designator="2" footprintpin="2" />
    <pinmap designator="3" footprintpin="3" />
    <text name="Datasheet" originx="0" originy="0" style="Default" rotation="0" justify="" flipped="False" hidden="True" data="https://media.digikey.com/pdf/Data Sheets/ON Semiconductor PDFs/2N3904,MMBT3904,PZT3904.pdf" />
    <text name="Description" originx="0" originy="0" style="Default" rotation="0" justify="" flipped="False" hidden="True" data="Trans GP BJT NPN 40V 0.2A Automotive 3-Pin SOT-23" />
    <text name="Mouser Part Number" originx="0" originy="0" style="Default" rotation="0" justify="" flipped="False" hidden="True" data="637-MMBT3904" />
    <text name="Mouser Price/Stock" originx="0" originy="0" style="Default" rotation="0" justify="" flipped="False" hidden="True" data="https://www.mouser.co.uk/ProductDetail/Diotec-Semiconductor/MMBT3904?qs=OlC7AqGiEDkK1MwiyUU6mg%3D%3D" />
    <text name="Manufacturer_Name" originx="0" originy="0" style="Default" rotation="0" justify="" flipped="False" hidden="True" data="Diotec" />
    <text name="Manufacturer_Part_Number" originx="650" originy="200" style="Default" rotation="0" justify="left" flipped="False" hidden="False" data="MMBT3904" />
  </component>
</quadcept_library>
